budget_ratio,layer,mode,selected_tokens,selected_ratio,candidate_mass,gold_topk_recall,oracle_out_mse,oracle_out_cosine,selective_recompute_mse,selective_recompute_cosine
0.1,0,random_block,64.0,0.125,0.12526099663227797,0.1254405975341797,0.0003288389816589188,0.6636029928922653,0.0004052202457387466,0.8435030654072762
0.1,0,random_token,51.0,0.099609375,0.09958215430378914,0.0993795394897461,0.0005632108877762221,0.8055198490619659,0.0005785547255072743,0.8106594309210777
0.1,0,recent_block,64.0,0.125,0.00767121312674135,0.0022001266479492188,0.0006814491571276449,0.10664722416549921,0.0008048431045608595,0.6869899183511734
0.1,0,recent_token,51.0,0.099609375,0.0047183900605887175,0.0018558502197265625,0.0007063068842398934,0.0806488823145628,0.0008318530963151716,0.6790486723184586
0.1,0,sender_attn_block,64.0,0.125,0.4362688958644867,0.515894889831543,6.164505884953542e-05,0.9611572474241257,6.164505975903012e-05,0.9611572474241257
0.1,0,sender_k_norm,40.7275390625,0.07954597473144531,0.07977500557899475,0.06499481201171875,0.00279564771335572,0.28067320585250854,0.0028081668715458363,0.3808130584657192
0.1,0,sender_k_norm_block,64.0,0.125,0.30690382048487663,0.3765134811401367,9.812719326873776e-05,0.9082220047712326,9.652604876464466e-05,0.9417718276381493
0.1,0,sender_kxreceived,36.333251953125,0.07096338272094727,0.17969587445259094,0.35630035400390625,0.00041244163367082365,0.7227442860603333,0.000419497380789835,0.8219635188579559
0.1,0,sender_kxreceived_block,64.0,0.125,0.46291011571884155,0.6010160446166992,5.565433548326837e-05,0.9658555164933205,5.565433730225777e-05,0.9658555164933205
0.1,0,sender_received,36.869140625,0.07201004028320312,0.1981147825717926,0.38549041748046875,0.0002887162445404101,0.8068179488182068,0.0002957720098493155,0.9060371294617653
0.1,0,sender_received_block,64.0,0.125,0.46291011571884155,0.6010160446166992,5.565433548326837e-05,0.9658555164933205,5.565433730225777e-05,0.9658555164933205
0.1,0,uniform_block,64.0,0.125,0.34552377462387085,0.44672107696533203,0.00012329860874160659,0.9319724813103676,0.00012329860510362778,0.9319724515080452
0.1,4,random_block,64.0,0.125,0.1254753852263093,0.12615585327148438,0.0057579330750741065,0.6185668557882309,0.005607744795270264,0.8008375465869904
0.1,4,random_token,51.0,0.099609375,0.09973848704248667,0.09912300109863281,0.00887009792495519,0.7652755677700043,0.009053304442204535,0.7663827389478683
0.1,4,recent_block,64.0,0.125,0.0075343974167481065,0.010339736938476562,0.008721850696019828,0.09933376405388117,0.0061661204672418535,0.7381396740674973
0.1,4,recent_token,51.0,0.099609375,0.005568568827584386,0.008974075317382812,0.008805552963167429,0.07538150902837515,0.00610989477718249,0.735178992152214
0.1,4,sender_attn_block,64.0,0.125,0.45254426822066307,0.49738502502441406,0.0029253823158796877,0.8909734189510345,0.002925382403191179,0.8909734189510345
0.1,4,sender_k_norm,43.621337890625,0.08519792556762695,0.08395831286907196,0.1081695556640625,0.01922209351323545,0.4862769544124603,0.018630160484462976,0.6046981438994408
0.1,4,sender_k_norm_block,64.0,0.125,0.28273647651076317,0.31946754455566406,0.004549606877844781,0.710934616625309,0.004723518737591803,0.8161340951919556
0.1,4,sender_kxreceived,39.44140625,0.07703399658203125,0.2274101972579956,0.39936065673828125,0.007271686510648578,0.7054838538169861,0.006536040746141225,0.8234244734048843
0.1,4,sender_kxreceived_block,64.0,0.125,0.5595199465751648,0.6192951202392578,0.0017790815472835675,0.8873338624835014,0.0017790815472835675,0.8873338624835014
0.1,4,sender_received,38.583984375,0.07535934448242188,0.23265351355075836,0.4112548828125,0.006944516091607511,0.7132917642593384,0.006204888108186424,0.8312829360365868
0.1,4,sender_received_block,64.0,0.125,0.5595199465751648,0.6192951202392578,0.0017790815472835675,0.8873338624835014,0.0017790815472835675,0.8873338624835014
0.1,4,uniform_block,64.0,0.125,0.45461228489875793,0.4945993423461914,0.003399817127501592,0.7634018734097481,0.003399816865567118,0.7634018734097481
0.1,8,random_block,64.0,0.125,0.12560626864433289,0.12538433074951172,0.014751662500202656,0.5230462923645973,0.015178440022282302,0.6594374254345894
0.1,8,random_token,51.0,0.099609375,0.09924746956676245,0.09949588775634766,0.01723120710812509,0.6945695132017136,0.01746883988380432,0.696041151881218
0.1,8,recent_block,64.0,0.125,0.011613797978498042,0.02223491668701172,0.016365061746910214,0.08785944804549217,0.014597416971810162,0.5852156355977058
0.1,8,recent_token,51.0,0.099609375,0.01065669092349708,0.0216522216796875,0.01606908510439098,0.07112330570816994,0.014192780363373458,0.585753507912159
0.1,8,sender_attn_block,64.0,0.125,0.5030945762991905,0.4658088684082031,0.007206698413938284,0.7900347337126732,0.007206698588561267,0.7900347337126732
0.1,8,sender_k_norm,45.0146484375,0.08791923522949219,0.1087396964430809,0.1685943603515625,0.01886499929241836,0.5517430901527405,0.018197876401245594,0.6502180024981499
0.1,8,sender_k_norm_block,64.0,0.125,0.38736894354224205,0.3304710388183594,0.010205819853581488,0.6747212409973145,0.01070106856059283,0.7063874006271362
0.1,8,sender_kxreceived,40.298828125,0.07870864868164062,0.1748661994934082,0.2548828125,0.014220308046787977,0.6151999235153198,0.01349674176890403,0.711485430598259
0.1,8,sender_kxreceived_block,64.0,0.125,0.5323836728930473,0.4427375793457031,0.006882413057610393,0.7406136691570282,0.006882413174025714,0.7406136691570282
0.1,8,sender_received,39.44140625,0.07703399658203125,0.18023531138896942,0.263519287109375,0.013890932546928525,0.6190590858459473,0.013147687772288918,0.7153498232364655
0.1,8,sender_received_block,64.0,0.125,0.5323836728930473,0.4427375793457031,0.006882413057610393,0.7406136691570282,0.006882413174025714,0.7406136691570282
0.1,8,uniform_block,64.0,0.125,0.45868247374892235,0.380462646484375,0.009429203462786973,0.6403719112277031,0.009429203229956329,0.6403719112277031
0.1,12,random_block,64.0,0.125,0.1255525927990675,0.1253795623779297,0.013101559248752892,0.5427483916282654,0.013062147540040314,0.6811171919107437
0.1,12,random_token,51.0,0.099609375,0.1001727543771267,0.09965896606445312,0.020188239635899663,0.6738033965229988,0.02042823634110391,0.6735569387674332
0.1,12,recent_block,64.0,0.125,0.008399546844884753,0.016506195068359375,0.015578302321955562,0.09258933179080486,0.013013298041187227,0.5881225988268852
0.1,12,recent_token,51.0,0.099609375,0.00705304805887863,0.015822410583496094,0.015875203302130103,0.07006336376070976,0.013090459629893303,0.5834377035498619
0.1,12,sender_attn_block,64.0,0.125,0.4765518493950367,0.47321033477783203,0.00636575638782233,0.8338266536593437,0.00636575638782233,0.8338266536593437
0.1,12,sender_k_norm,45.550537109375,0.08896589279174805,0.07964815944433212,0.1244659423828125,0.024193606805056334,0.5436070561408997,0.023570499382913113,0.6401873156428337
0.1,12,sender_k_norm_block,64.0,0.125,0.32778894156217575,0.31515979766845703,0.011198986205272377,0.7265185341238976,0.011335958261042833,0.7612868025898933
0.1,12,sender_kxreceived,48.337158203125,0.09440851211547852,0.17586994171142578,0.320037841796875,0.01643395470455289,0.6333893537521362,0.01568461675196886,0.7263248190283775
0.1,12,sender_kxreceived_block,64.0,0.125,0.5981021821498871,0.5265092849731445,0.004642499552574009,0.8032202944159508,0.004642499552574009,0.8032202869653702
0.1,12,sender_received,49.73046875,0.09712982177734375,0.18154630064964294,0.3248291015625,0.01664468739181757,0.6278467178344727,0.01588365319184959,0.7208521738648415
0.1,12,sender_received_block,64.0,0.125,0.5981021821498871,0.5265092849731445,0.004642499552574009,0.8032202944159508,0.004642499552574009,0.8032202869653702
0.1,12,uniform_block,64.0,0.125,0.5253153443336487,0.45499706268310547,0.0064006197499111295,0.7167203575372696,0.0064006197499111295,0.7167203575372696
0.1,15,random_block,64.0,0.125,0.12518535368144512,0.12489891052246094,0.04510177718475461,0.5728490725159645,0.0434050178155303,0.7388457581400871
0.1,15,random_token,51.0,0.099609375,0.09946845471858978,0.10013389587402344,0.07220641244202852,0.7077693343162537,0.07267155218869448,0.711069755256176
0.1,15,recent_block,64.0,0.125,0.008039292530156672,0.015093803405761719,0.04578704759478569,0.09013364091515541,0.03295503417029977,0.6498029977083206
0.1,15,recent_token,51.0,0.099609375,0.006532557948958129,0.014145851135253906,0.04696566238999367,0.0679227951914072,0.03344673104584217,0.6450507938861847
0.1,15,sender_attn_block,64.0,0.125,0.4461046978831291,0.42763423919677734,0.02313842438161373,0.8650984317064285,0.023138424148783088,0.8650984317064285
0.1,15,sender_k_norm,48.337158203125,0.09440851211547852,0.07922501116991043,0.0963592529296875,0.07913923729211092,0.5429303646087646,0.07590500172227621,0.6495838016271591
0.1,15,sender_k_norm_block,64.0,0.125,0.23384592309594154,0.20827388763427734,0.03972751135006547,0.719284176826477,0.04087076149880886,0.773051381111145
0.1,15,sender_kxreceived,48.873046875,0.09545516967773438,0.13917239010334015,0.21431732177734375,0.053240399807691574,0.6657532453536987,0.04979804577305913,0.7662952840328217
0.1,15,sender_kxreceived_block,64.0,0.125,0.5762704908847809,0.47688961029052734,0.010855159256607294,0.8430520817637444,0.010855159256607294,0.8430520817637444
0.1,15,sender_received,48.873046875,0.09545516967773438,0.14678630232810974,0.231048583984375,0.05315152741968632,0.6772328615188599,0.04963300656527281,0.777667261660099
0.1,15,sender_received_block,64.0,0.125,0.5762704908847809,0.47688961029052734,0.010855159256607294,0.8430520817637444,0.010855159256607294,0.8430520817637444
0.1,15,uniform_block,64.0,0.125,0.49876364320516586,0.40252208709716797,0.016655011335387826,0.7544532492756844,0.016655011335387826,0.7544532492756844
0.2,0,random_block,96.0,0.1875,0.18818266689777374,0.18797683715820312,0.00025419941448490135,0.757839098572731,0.00031900975591270253,0.8793097510933876
0.2,0,random_token,102.0,0.19921875,0.19850769452750683,0.19886493682861328,0.00034380791112198494,0.881329707801342,0.00035162332278559916,0.8824342712759972
0.2,0,recent_block,96.0,0.1875,0.017179806251078844,0.007860183715820312,0.00065586364507908,0.15986266545951366,0.0007762953973724507,0.6961179301142693
0.2,0,recent_token,102.0,0.19921875,0.01953997858799994,0.008250236511230469,0.0006555372165166773,0.16772903315722942,0.0007761543965898454,0.6955190300941467
0.2,0,sender_attn_block,96.0,0.1875,0.5452588051557541,0.6523914337158203,3.8261730423982954e-05,0.9729129001498222,3.8261730423982954e-05,0.972912922501564
0.2,0,sender_k_norm,79.204345703125,0.15469598770141602,0.13495022058486938,0.11211395263671875,0.0016994362958939746,0.3626837730407715,0.0017119110125349835,0.4627622738480568
0.2,0,sender_k_norm_block,96.0,0.1875,0.40662700310349464,0.49297523498535156,8.874132527125767e-05,0.8650803491473198,7.627304057677975e-05,0.93515245616436
0.2,0,sender_kxreceived,73.3095703125,0.14318275451660156,0.31186574697494507,0.5158767700195312,0.0003310266947664786,0.7788823843002319,0.0003380824527994264,0.8781016170978546
0.2,0,sender_kxreceived_block,96.0,0.1875,0.5576975792646408,0.7295627593994141,3.43373781106493e-05,0.9770700260996819,3.433737947489135e-05,0.9770700260996819
0.2,0,sender_received,75.453125,0.147369384765625,0.33599478006362915,0.5779876708984375,0.0002804133873723913,0.812541127204895,0.0002874691526812967,0.9117603078484535
0.2,0,sender_received_block,96.0,0.1875,0.5576975792646408,0.7295627593994141,3.43373781106493e-05,0.9770700260996819,3.433737947489135e-05,0.9770700260996819
0.2,0,uniform_block,96.0,0.1875,0.3818286657333374,0.4975461959838867,9.013035014504567e-05,0.951836533844471,9.013035469251918e-05,0.9518365934491158
0.2,4,random_block,96.0,0.1875,0.18814587406814098,0.18858051300048828,0.004850658995565027,0.7124600410461426,0.004945919499732554,0.8311481773853302
0.2,4,random_token,102.0,0.19921875,0.19923967123031616,0.19882869720458984,0.0058806490851566195,0.8351089432835579,0.005983892653603107,0.8342313021421432
0.2,4,recent_block,96.0,0.1875,0.015197457163594663,0.018286705017089844,0.008360201260074973,0.15468396618962288,0.00614042638335377,0.7409047409892082
0.2,4,recent_token,102.0,0.19921875,0.01751564280129969,0.021442413330078125,0.008302914211526513,0.1635772753506899,0.006153491733130068,0.7396650910377502
0.2,4,sender_attn_block,96.0,0.1875,0.5555475801229477,0.602574348449707,0.0021000558335799724,0.9285634756088257,0.0021000558335799724,0.9285634905099869
0.2,4,sender_k_norm,85.7421875,0.1674652099609375,0.15643411874771118,0.19472503662109375,0.014790554763749242,0.561087965965271,0.014175092685036361,0.6796644181013107
0.2,4,sender_k_norm_block,96.0,0.1875,0.408611785620451,0.4492464065551758,0.0032376424060203135,0.8125706911087036,0.0033000618568621576,0.8705309331417084
0.2,4,sender_kxreceived,79.09716796875,0.15448665618896484,0.34623032808303833,0.526611328125,0.005863476486410946,0.7519363164901733,0.0051278306054882705,0.8698769584298134
0.2,4,sender_kxreceived_block,96.0,0.1875,0.6417141631245613,0.6958818435668945,0.0011491147306514904,0.9300776496529579,0.0011491147306514904,0.9300776496529579
0.2,4,sender_received,78.8828125,0.1540679931640625,0.35131901502609253,0.524688720703125,0.005710423807613552,0.7569987773895264,0.0049707957659848034,0.8749898970127106
0.2,4,sender_received_block,96.0,0.1875,0.6417141631245613,0.6958818435668945,0.0011491147306514904,0.9300776496529579,0.0011491147306514904,0.9300776496529579
0.2,4,uniform_block,96.0,0.1875,0.5012298449873924,0.5805463790893555,0.00235505637829192,0.8469513580203056,0.00235505637829192,0.8469513431191444
0.2,8,random_block,96.0,0.1875,0.18815256841480732,0.18732261657714844,0.01270941982511431,0.6191441789269447,0.0132651727180928,0.707230880856514
0.2,8,random_token,102.0,0.19921875,0.19973846524953842,0.19883155822753906,0.011685873614624143,0.7795819118618965,0.011805812129750848,0.7796168997883797
0.2,8,recent_block,96.0,0.1875,0.020170959644019604,0.03304290771484375,0.016036381945014,0.1402556523680687,0.014687709393911064,0.5943674668669701
0.2,8,recent_token,102.0,0.19921875,0.02417059801518917,0.039279937744140625,0.016036618035286665,0.14971145056188107,0.014785444946028292,0.5957907661795616
0.2,8,sender_attn_block,96.0,0.1875,0.6014037877321243,0.5648689270019531,0.004761811287607998,0.8535629063844681,0.004761811520438641,0.8535629361867905
0.2,8,sender_k_norm,88.850341796875,0.17353582382202148,0.18780739605426788,0.2707061767578125,0.014417328871786594,0.6407457590103149,0.01373295031953603,0.7370555549860001
0.2,8,sender_k_norm_block,96.0,0.1875,0.4299428053200245,0.3884696960449219,0.008915770216844976,0.7810526937246323,0.009250000584870577,0.7845601588487625
0.2,8,sender_kxreceived,80.276123046875,0.15678930282592773,0.28340935707092285,0.3718414306640625,0.011257061618380249,0.6869025230407715,0.010513816843740642,0.7831933200359344
0.2,8,sender_kxreceived_block,96.0,0.1875,0.5966035798192024,0.4982872009277344,0.005333001317922026,0.801919475197792,0.005333001201506704,0.801919475197792
0.2,8,sender_received,79.740234375,0.15574264526367188,0.2837902009487152,0.36374664306640625,0.011408814578317106,0.682462215423584,0.01066556922160089,0.7787529900670052
0.2,8,sender_received_block,96.0,0.1875,0.5966035798192024,0.4982872009277344,0.005333001317922026,0.801919475197792,0.005333001201506704,0.801919475197792
0.2,8,uniform_block,96.0,0.1875,0.53293377161026,0.519597053527832,0.006940409657545388,0.761341318488121,0.006940409657545388,0.761341318488121
0.2,12,random_block,96.0,0.1875,0.18836167640984058,0.1877756118774414,0.01146863924805075,0.6323567852377892,0.011669599916785955,0.7215668186545372
0.2,12,random_token,102.0,0.19921875,0.19994527101516724,0.1992940902709961,0.01410031015984714,0.7473704665899277,0.014236821443773806,0.7458178699016571
0.2,12,recent_block,96.0,0.1875,0.015504893381148577,0.024644851684570312,0.01539776858408004,0.14102335460484028,0.013167956843972206,0.59603151679039
0.2,12,recent_token,102.0,0.19921875,0.018191693583503366,0.029499053955078125,0.015160271781496704,0.1500110812485218,0.012967552407644689,0.5985327064990997
0.2,12,sender_attn_block,96.0,0.1875,0.5838588923215866,0.5787115097045898,0.004394245916046202,0.8758488893508911,0.0043942456832155585,0.8758488893508911
0.2,12,sender_k_norm,89.279052734375,0.17437314987182617,0.13806553184986115,0.19618988037109375,0.018432772485539317,0.6052021980285645,0.01779356994666159,0.7005552351474762
0.2,12,sender_k_norm_block,96.0,0.1875,0.39715445414185524,0.3698110580444336,0.007265568885486573,0.7610531151294708,0.007331835571676493,0.7917538210749626
0.2,12,sender_kxreceived,93.566162109375,0.18274641036987305,0.2849377393722534,0.44953155517578125,0.013452618615701795,0.6772547364234924,0.012691584299318492,0.7702601104974747
0.2,12,sender_kxreceived_block,96.0,0.1875,0.6594865471124649,0.5806188583374023,0.003791178693063557,0.847437784075737,0.0037911786348558962,0.847437858581543
0.2,12,sender_received,92.6015625,0.1808624267578125,0.28714191913604736,0.4525909423828125,0.013331881957128644,0.6765739917755127,0.01257084752433002,0.7695793583989143
0.2,12,sender_received_block,96.0,0.1875,0.6594865471124649,0.5806188583374023,0.003791178693063557,0.847437784075737,0.0037911786348558962,0.847437858581543
0.2,12,uniform_block,96.0,0.1875,0.5855558812618256,0.6005134582519531,0.0035982673289254308,0.8437069952487946,0.0035982673289254308,0.8437069952487946
0.2,15,random_block,96.0,0.1875,0.18753552809357643,0.18726253509521484,0.03972760075703263,0.6697620302438736,0.03923270013183355,0.780205674469471
0.2,15,random_token,102.0,0.19921875,0.19925913214683533,0.19962501525878906,0.0477822651155293,0.8008101880550385,0.048086794558912516,0.801349088549614
0.2,15,recent_block,96.0,0.1875,0.015603468054905534,0.025114059448242188,0.047307238448411226,0.1401369646191597,0.035981661174446344,0.6561918035149574
0.2,15,recent_token,102.0,0.19921875,0.01787088392302394,0.028738021850585938,0.045986819081008434,0.15035711601376534,0.03488851897418499,0.6586803048849106
0.2,15,sender_attn_block,96.0,0.1875,0.5480326637625694,0.5244741439819336,0.016071431105956435,0.8977168202400208,0.016071431105956435,0.8977168202400208
0.2,15,sender_k_norm,90.779541015625,0.17730379104614258,0.14847731590270996,0.18459320068359375,0.06210325052961707,0.6324764490127563,0.05881724739447236,0.7373673468828201
0.2,15,sender_k_norm_block,96.0,0.1875,0.26417722180485725,0.23500728607177734,0.03660268569365144,0.7458013445138931,0.03785962238907814,0.7947483509778976
0.2,15,sender_kxreceived,94.95947265625,0.18546772003173828,0.23991921544075012,0.34404754638671875,0.042786750476807356,0.7311620116233826,0.03927026176825166,0.8316128700971603
0.2,15,sender_kxreceived_block,96.0,0.1875,0.6434716507792473,0.5392370223999023,0.008037013816647232,0.8812189474701881,0.008037013816647232,0.8812189400196075
0.2,15,sender_received,94.31640625,0.18421173095703125,0.24307559430599213,0.34806060791015625,0.04232484707608819,0.7364070415496826,0.038806325290352106,0.8368414118885994
0.2,15,sender_received_block,96.0,0.1875,0.6434716507792473,0.5392370223999023,0.008037013816647232,0.8812189474701881,0.008037013816647232,0.8812189400196075
0.2,15,uniform_block,96.0,0.1875,0.5567284151911736,0.5392951965332031,0.009849632275290787,0.8647222146391869,0.009849632275290787,0.8647222146391869
0.3,0,random_block,160.0,0.3125,0.31350742653012276,0.3131828308105469,0.00017292211487074383,0.8552305847406387,0.00021932604067842476,0.9200072959065437
0.3,0,random_token,154.0,0.30078125,0.29998983815312386,0.30057811737060547,0.00024376995315833483,0.9165496975183487,0.000248811596975429,0.9166732579469681
0.3,0,recent_block,160.0,0.3125,0.05032398924231529,0.0265350341796875,0.0005961378483334556,0.26268109306693077,0.0007117792119970545,0.7107665613293648
0.3,0,recent_token,154.0,0.30078125,0.04608562029898167,0.02446460723876953,0.0005976906904834323,0.2596428729593754,0.0007136334461392835,0.7158443182706833
0.3,0,sender_attn_block,160.0,0.3125,0.703972764313221,0.7930259704589844,1.8956219264509855e-05,0.9857152327895164,1.895621903713618e-05,0.9857152327895164
0.3,0,sender_k_norm,118.217041015625,0.23089265823364258,0.20346760749816895,0.21523284912109375,0.0011205913760932162,0.46885931491851807,0.0011301860504318029,0.5687095001339912
0.3,0,sender_k_norm_block,160.0,0.3125,0.5334681794047356,0.6030082702636719,3.540000261637033e-05,0.9551206305623055,3.5435120025795186e-05,0.9693961068987846
0.3,0,sender_kxreceived,111.786376953125,0.21833276748657227,0.4136523902416229,0.5765380859375,0.0003043309989152476,0.7973724007606506,0.00031138673512032256,0.8965916037559509
0.3,0,sender_kxreceived_block,160.0,0.3125,0.7119327932596207,0.8384742736816406,1.9059990563619067e-05,0.9851658865809441,1.9059990108871716e-05,0.9851659014821053
0.3,0,sender_received,115.751953125,0.22607803344726562,0.44134965538978577,0.623748779296875,0.00028024047787766904,0.8146835565567017,0.0002872962213587016,0.9139028042554855
0.3,0,sender_received_block,160.0,0.3125,0.7119327932596207,0.8384742736816406,1.9059990563619067e-05,0.9851658865809441,1.9059990108871716e-05,0.9851659014821053
0.3,0,uniform_block,160.0,0.3125,0.47323111444711685,0.5397119522094727,4.409612301969901e-05,0.975839875638485,4.409612301969901e-05,0.9758398830890656
0.3,4,random_block,160.0,0.3125,0.31343403831124306,0.3143606185913086,0.0036451786290854216,0.816118873655796,0.003889399900799617,0.8747923746705055
0.3,4,random_token,154.0,0.30078125,0.30115649104118347,0.3008308410644531,0.004373849369585514,0.8757118284702301,0.0044401182676665485,0.874770000576973
0.3,4,recent_block,160.0,0.3125,0.042452269699424505,0.04459095001220703,0.007968359161168337,0.2591875493526459,0.006416067888494581,0.7406065836548805
0.3,4,recent_token,154.0,0.30078125,0.039061234798282385,0.041075706481933594,0.007897312520071864,0.2516743987798691,0.006278782442677766,0.7430922240018845
0.3,4,sender_attn_block,160.0,0.3125,0.7041334956884384,0.7321891784667969,0.0012524219055194408,0.9598084017634392,0.001252421978279017,0.959808386862278
0.3,4,sender_k_norm,125.933837890625,0.24596452713012695,0.2220318764448166,0.274566650390625,0.012175382697023451,0.6236357688903809,0.01153091888409108,0.7404337897896767
0.3,4,sender_k_norm_block,160.0,0.3125,0.47273578494787216,0.5003242492675781,0.0030019672121852636,0.8714321777224541,0.0032144207798410207,0.9048396423459053
0.3,4,sender_kxreceived,118.53857421875,0.2315206527709961,0.42425620555877686,0.5745773315429688,0.005413368286099285,0.768435001373291,0.00467772240517661,0.8863755837082863
0.3,4,sender_kxreceived_block,160.0,0.3125,0.7565772533416748,0.7716178894042969,0.0007096990084392019,0.958215206861496,0.0007096990084392019,0.958215206861496
0.3,4,sender_received,117.466796875,0.22942733764648438,0.42621150612831116,0.5713272094726562,0.0053590573952533305,0.7704460620880127,0.004619429411832243,0.8884372636675835
0.3,4,sender_received_block,160.0,0.3125,0.7565772533416748,0.7716178894042969,0.0007096990084392019,0.958215206861496,0.0007096990084392019,0.958215206861496
0.3,4,uniform_block,160.0,0.3125,0.5711114481091499,0.6378288269042969,0.0011346491519361734,0.9301672950387001,0.0011346491373842582,0.9301672950387001
0.3,8,random_block,160.0,0.3125,0.3132033869624138,0.31281089782714844,0.00963119335938245,0.736814334988594,0.010186953702941537,0.7799622043967247
0.3,8,random_token,154.0,0.30078125,0.30109013617038727,0.3004941940307617,0.008832997526042163,0.830416664481163,0.008907323703169823,0.8302648216485977
0.3,8,recent_block,160.0,0.3125,0.055549407843500376,0.0861043930053711,0.01608665334060788,0.2391607090830803,0.015535864629782736,0.6066514030098915
0.3,8,recent_token,154.0,0.30078125,0.049577025696635246,0.07683372497558594,0.01603670115582645,0.2291788812726736,0.015415933914482594,0.604680523276329
0.3,8,sender_attn_block,160.0,0.3125,0.731582373380661,0.6889095306396484,0.0026255181874148548,0.9132139459252357,0.002625518129207194,0.9132139384746552
0.3,8,sender_k_norm,131.935791015625,0.2576870918273926,0.2559932470321655,0.3531341552734375,0.012615850078873336,0.6786882877349854,0.01193147141020745,0.7749980986118317
0.3,8,sender_k_norm_block,160.0,0.3125,0.5780579000711441,0.5296382904052734,0.006548295961692929,0.8559880629181862,0.006800494680646807,0.8579407334327698
0.3,8,sender_kxreceived,124.11181640625,0.24240589141845703,0.37161821126937866,0.46535491943359375,0.010231997002847493,0.7138881683349609,0.009488751529715955,0.8101789280772209
0.3,8,sender_kxreceived_block,160.0,0.3125,0.7018844559788704,0.5906352996826172,0.0036036777310073376,0.865653395652771,0.0036036777310073376,0.865653395652771
0.3,8,sender_received,122.611328125,0.23947525024414062,0.3700253963470459,0.45516204833984375,0.010319767752662301,0.7109507322311401,0.009576522978022695,0.8072414547204971
0.3,8,sender_received_block,160.0,0.3125,0.7018844559788704,0.5906352996826172,0.0036036777310073376,0.865653395652771,0.0036036777310073376,0.865653395652771
0.3,8,uniform_block,160.0,0.3125,0.6023236960172653,0.5974845886230469,0.00290713895810768,0.8960155993700027,0.00290713895810768,0.8960156142711639
0.3,12,random_block,160.0,0.3125,0.31353167444467545,0.31345558166503906,0.00898113870061934,0.7399783879518509,0.009298325632698834,0.7833470106124878
0.3,12,random_token,154.0,0.30078125,0.3016284927725792,0.30092334747314453,0.010622160509228706,0.796645499765873,0.010712039656937122,0.7953390032052994
0.3,12,recent_block,160.0,0.3125,0.04359660763293505,0.06067180633544922,0.014360677334479988,0.24375725910067558,0.012846319703385234,0.6172863990068436
0.3,12,recent_token,154.0,0.30078125,0.04019579803571105,0.05727672576904297,0.014375765109434724,0.23475337587296963,0.012816595495678484,0.6155915558338165
0.3,12,sender_attn_block,160.0,0.3125,0.7334001585841179,0.7153129577636719,0.0024912204826250672,0.9242130890488625,0.0024912204535212368,0.9242130890488625
0.3,12,sender_k_norm,131.507080078125,0.2568497657775879,0.19547337293624878,0.2888336181640625,0.015820601023733616,0.6324384212493896,0.015181381371803582,0.7276057675480843
0.3,12,sender_k_norm_block,160.0,0.3125,0.4733337163925171,0.4515037536621094,0.0064480434521101415,0.7972738370299339,0.006564393464941531,0.8205152302980423
0.3,12,sender_kxreceived,135.68701171875,0.2650136947631836,0.35668009519577026,0.522796630859375,0.012112294556573033,0.6939957141876221,0.011351260240189731,0.7870011329650879
0.3,12,sender_kxreceived_block,160.0,0.3125,0.7535407841205597,0.6581153869628906,0.002976633404614404,0.8917049467563629,0.002976633404614404,0.8917049467563629
0.3,12,sender_received,133.7578125,0.2612457275390625,0.356550931930542,0.5252456665039062,0.012149566086009145,0.6919029951095581,0.011388531886041164,0.7849083840847015
0.3,12,sender_received_block,160.0,0.3125,0.7535407841205597,0.6581153869628906,0.002976633404614404,0.8917049467563629,0.002976633404614404,0.8917049467563629
0.3,12,uniform_block,160.0,0.3125,0.6458644643425941,0.6579427719116211,0.0018474786484148353,0.9185336902737617,0.0018474785756552592,0.9185336753726006
0.3,15,random_block,160.0,0.3125,0.3126477710902691,0.3126859664916992,0.030583316460251808,0.7829275280237198,0.030885952524840832,0.8401144742965698
0.3,15,random_token,154.0,0.30078125,0.3018157258629799,0.30089759826660156,0.03457394801080227,0.8537618443369865,0.03476931806653738,0.8537473604083061
0.3,15,recent_block,160.0,0.3125,0.04354960937052965,0.06549549102783203,0.046557625755667686,0.24711833521723747,0.03811887837946415,0.6752048656344414
0.3,15,recent_token,154.0,0.30078125,0.03959136037155986,0.05878925323486328,0.04649177519604564,0.23751023784279823,0.037795915734022856,0.6740484982728958
0.3,15,sender_attn_block,160.0,0.3125,0.7012121081352234,0.6644287109375,0.00857627100776881,0.9317536428570747,0.008576271589845419,0.9317536428570747
0.3,15,sender_k_norm,133.007568359375,0.2597804069519043,0.214873805642128,0.27007293701171875,0.05417338386178017,0.6830179691314697,0.05082051642239094,0.785570777952671
0.3,15,sender_k_norm_block,160.0,0.3125,0.5050794929265976,0.43709564208984375,0.015847865724936128,0.8335994631052017,0.01601352938450873,0.859244592487812
0.3,15,sender_kxreceived,139.759765625,0.2729682922363281,0.3196505308151245,0.4390716552734375,0.03819407895207405,0.7631591558456421,0.03467555670067668,0.8635934889316559
0.3,15,sender_kxreceived_block,160.0,0.3125,0.7447573989629745,0.6298370361328125,0.005751941702328622,0.9111942872405052,0.005751941760536283,0.9111942872405052
0.3,15,sender_received,138.90234375,0.27129364013671875,0.32120078802108765,0.44207000732421875,0.037954716477543116,0.7662054896354675,0.03443619515746832,0.8666398674249649
0.3,15,sender_received_block,160.0,0.3125,0.7393454909324646,0.6252822875976562,0.005738380190450698,0.9112681150436401,0.005738380190450698,0.9112681150436401
0.3,15,uniform_block,160.0,0.3125,0.6203728541731834,0.6014852523803711,0.005073855514638126,0.9280813485383987,0.005073855514638126,0.9280813410878181
0.4,0,random_block,192.0,0.375,0.3755001239478588,0.3753347396850586,0.000147293312693364,0.8843310698866844,0.00018456567886460107,0.9335913732647896
0.4,0,random_token,205.0,0.400390625,0.4000796154141426,0.40024757385253906,0.00018182855455961544,0.9383034259080887,0.00018526571147958748,0.9382362440228462
0.4,0,recent_block,192.0,0.375,0.07404243387281895,0.04513072967529297,0.0005492434647749178,0.32785410061478615,0.0006630513162235729,0.7318709120154381
0.4,0,recent_token,205.0,0.400390625,0.08552017249166965,0.05836200714111328,0.0005367282501538284,0.347008865326643,0.0006478234499809332,0.7333657518029213
0.4,0,sender_attn_block,192.0,0.375,0.763814888894558,0.8304777145385742,1.5876054703767295e-05,0.9878043681383133,1.587605402164627e-05,0.9878043681383133
0.4,0,sender_k_norm,149.40576171875,0.2918081283569336,0.25386741757392883,0.2500457763671875,0.0008797986010904424,0.5072917938232422,0.0008888343581929803,0.6068565994501114
0.4,0,sender_k_norm_block,192.0,0.375,0.6168073639273643,0.6624784469604492,4.564278879115591e-05,0.9606582075357437,5.219617787588504e-05,0.9698667153716087
0.4,0,sender_kxreceived,149.512939453125,0.29201745986938477,0.49394863843917847,0.61444091796875,0.00029114085191395134,0.8075193166732788,0.0002981966135848779,0.9067384600639343
0.4,0,sender_kxreceived_block,192.0,0.375,0.7701283395290375,0.860560417175293,1.679950855759671e-05,0.9866827875375748,1.679950855759671e-05,0.9866827875375748
0.4,0,sender_received,154.3359375,0.3014373779296875,0.5207055807113647,0.66461181640625,0.0002792965569824446,0.815729022026062,0.00028635230410145596,0.9149482771754265
0.4,0,sender_received_block,192.0,0.375,0.7701283395290375,0.860560417175293,1.679950855759671e-05,0.9866827875375748,1.679950855759671e-05,0.9866827875375748
0.4,0,uniform_block,192.0,0.375,0.5187679827213287,0.5604581832885742,2.6716779757407494e-05,0.9847918599843979,2.6716779075286468e-05,0.9847918599843979
0.4,4,random_block,192.0,0.375,0.37535352259874344,0.37636375427246094,0.003208210750017315,0.8491069450974464,0.003456372069194913,0.8919937908649445
0.4,4,random_token,205.0,0.400390625,0.40022170171141624,0.40030765533447266,0.003382228227565065,0.9041303247213364,0.0034281512489542365,0.9033306911587715
0.4,4,recent_block,192.0,0.375,0.06346669979393482,0.06848907470703125,0.007615815382450819,0.31555499881505966,0.006369430630002171,0.7454427257180214
0.4,4,recent_token,205.0,0.400390625,0.07358779385685921,0.0829305648803711,0.007762386347167194,0.3340747207403183,0.006610001786611974,0.743950791656971
0.4,4,sender_attn_block,192.0,0.375,0.7611492052674294,0.7768106460571289,0.0010015461884904653,0.9673639088869095,0.0010015461448347196,0.9673639014363289
0.4,4,sender_k_norm,162.802978515625,0.3179745674133301,0.2743249535560608,0.33885955810546875,0.010080043808557093,0.6587700843811035,0.009418219677172601,0.7757943943142891
0.4,4,sender_k_norm_block,192.0,0.375,0.5062976479530334,0.5267877578735352,0.0029355522710829973,0.8813450634479523,0.003160434280289337,0.9104288145899773
0.4,4,sender_kxreceived,157.229736328125,0.30708932876586914,0.4828717112541199,0.610595703125,0.005197446036618203,0.7754892706871033,0.004457817762158811,0.8934804499149323
0.4,4,sender_kxreceived_block,192.0,0.375,0.798497349023819,0.7906427383422852,0.0006304616836132482,0.9631027355790138,0.0006304616690613329,0.9631027355790138
0.4,4,sender_received,156.05078125,0.30478668212890625,0.48412024974823,0.6086578369140625,0.005168373405467719,0.7760292291641235,0.00442874530563131,0.8940204158425331
0.4,4,sender_received_block,192.0,0.375,0.798497349023819,0.7906427383422852,0.0006304616836132482,0.9631027355790138,0.0006304616690613329,0.9631027355790138
0.4,4,uniform_block,192.0,0.375,0.5885485708713531,0.5833139419555664,0.0008297037857118994,0.9474797397851944,0.0008297037857118994,0.9474797397851944
0.4,8,random_block,192.0,0.375,0.37534116581082344,0.375152587890625,0.008422366925515234,0.7782130613923073,0.00892788008786738,0.8095493316650391
0.4,8,random_token,205.0,0.400390625,0.4002540558576584,0.4001960754394531,0.006890132208354771,0.8670146241784096,0.006941018742509186,0.8668541088700294
0.4,8,recent_block,192.0,0.375,0.08278217073529959,0.1276082992553711,0.01606522756628692,0.28661370277404785,0.015853413846343756,0.6110963895916939
0.4,8,recent_token,205.0,0.400390625,0.09115378651767969,0.1405029296875,0.016617586836218834,0.3044605292379856,0.016475722659379244,0.6126061826944351
0.4,8,sender_attn_block,192.0,0.375,0.7797876745462418,0.733241081237793,0.0020741276966873556,0.9283844605088234,0.0020741275511682034,0.9283844381570816
0.4,8,sender_k_norm,171.9130859375,0.3357677459716797,0.3192704916000366,0.4282073974609375,0.011472890735603869,0.6993554830551147,0.010788512066937983,0.7956652641296387
0.4,8,sender_k_norm_block,192.0,0.375,0.6736062616109848,0.611323356628418,0.002952075534267351,0.9007096961140633,0.0029853127780370414,0.9045803397893906
0.4,8,sender_kxreceived,162.26708984375,0.3169279098510742,0.4336773157119751,0.5356826782226562,0.00978565204422921,0.727706789970398,0.009042406571097672,0.8239975869655609
0.4,8,sender_kxreceived_block,192.0,0.375,0.7423477619886398,0.6239347457885742,0.00325921896728687,0.8777959942817688,0.0032592189381830394,0.8777959942817688
0.4,8,sender_received,160.337890625,0.3131599426269531,0.4297387897968292,0.520477294921875,0.00976164627354592,0.7285255193710327,0.009018400800414383,0.8248162865638733
0.4,8,sender_received_block,192.0,0.375,0.7423477619886398,0.6239347457885742,0.00325921896728687,0.8777959942817688,0.0032592189381830394,0.8777959942817688
0.4,8,uniform_block,192.0,0.375,0.6016835197806358,0.5371503829956055,0.002394740760792047,0.9057602807879448,0.0023947408189997077,0.9057602807879448
0.4,12,random_block,192.0,0.375,0.3757221885025501,0.37516021728515625,0.00793750595767051,0.7778600975871086,0.008253614185377955,0.8092885166406631
0.4,12,random_token,205.0,0.400390625,0.40099771693348885,0.4006052017211914,0.008264077943749726,0.8361250460147858,0.008324811817146838,0.8351055458188057
0.4,12,recent_block,192.0,0.375,0.06388624384999275,0.08501148223876953,0.013789288699626923,0.2956159971654415,0.012628722586669028,0.627670906484127
0.4,12,recent_token,205.0,0.400390625,0.07184057869017124,0.09371662139892578,0.013619939214549959,0.3174942918121815,0.012634144746698439,0.6328055635094643
0.4,12,sender_attn_block,192.0,0.375,0.7891674563288689,0.7621278762817383,0.0019397395954001695,0.9389634281396866,0.001939739755471237,0.9389634430408478
0.4,12,sender_k_norm,170.305419921875,0.3326277732849121,0.24934931099414825,0.36092376708984375,0.014173169154673815,0.6606554985046387,0.01351388858165592,0.7545197382569313
0.4,12,sender_k_norm_block,192.0,0.375,0.6072941794991493,0.5700807571411133,0.005544910265598446,0.856890082359314,0.0056735944817774,0.869614876806736
0.4,12,sender_kxreceived,174.69970703125,0.34121036529541016,0.41475221514701843,0.59130859375,0.011469413875602186,0.7038183808326721,0.010708379792049527,0.7968237772583961
0.4,12,sender_kxreceived_block,192.0,0.375,0.7891480475664139,0.7028703689575195,0.002771509869489819,0.9027228355407715,0.002771510015008971,0.9027228355407715
0.4,12,sender_received,172.341796875,0.3366050720214844,0.4142889380455017,0.5873947143554688,0.01154245832003653,0.701919674873352,0.010781424352899194,0.7949251011013985
0.4,12,sender_received_block,192.0,0.375,0.7894042953848839,0.6828279495239258,0.0027924577007070184,0.9018937945365906,0.002792457729810849,0.9018938019871712
0.4,12,uniform_block,192.0,0.375,0.646911196410656,0.5755834579467773,0.0019223861891077831,0.9121499583125114,0.0019223861891077831,0.9121499806642532
0.4,15,random_block,192.0,0.375,0.37454377487301826,0.37431907653808594,0.026928642066195607,0.8202037736773491,0.027329376665875316,0.8629838302731514
0.4,15,random_token,205.0,0.400390625,0.40189002826809883,0.40068531036376953,0.026030662236735225,0.8895520195364952,0.02616587234660983,0.8893432915210724
0.4,15,recent_block,192.0,0.375,0.0639438172802329,0.09491634368896484,0.0449620746076107,0.301719605922699,0.03798744874075055,0.6852183192968369
0.4,15,recent_token,205.0,0.400390625,0.07300354354083538,0.10968303680419922,0.04425013065338135,0.3269808180630207,0.03787554008886218,0.6929726377129555
0.4,15,sender_attn_block,192.0,0.375,0.7612203285098076,0.7183408737182617,0.0064972242107614875,0.9428200051188469,0.006497224268969148,0.9428200051188469
0.4,15,sender_k_norm,170.84130859375,0.33367443084716797,0.26939281821250916,0.3434906005859375,0.045103578828275204,0.7202152609825134,0.04174850881099701,0.8227611258625984
0.4,15,sender_k_norm_block,192.0,0.375,0.48343101143836975,0.4397459030151367,0.022185032023116946,0.8476399257779121,0.022863828809931874,0.8750508204102516
0.4,15,sender_kxreceived,178.34375,0.34832763671875,0.3809278905391693,0.5105819702148438,0.033441652078181505,0.7916609048843384,0.029923129361122847,0.8920952454209328
0.4,15,sender_kxreceived_block,192.0,0.375,0.7864732891321182,0.6634626388549805,0.005299338547047228,0.9171068221330643,0.0052993386634625494,0.9171067997813225
0.4,15,sender_received,178.34375,0.34832763671875,0.38284969329833984,0.51513671875,0.03335305908694863,0.7937851548194885,0.02983453613705933,0.8942195326089859
0.4,15,sender_received_block,192.0,0.375,0.7864732891321182,0.6634626388549805,0.005299338547047228,0.9171068221330643,0.0052993386634625494,0.9171067997813225
0.4,15,uniform_block,192.0,0.375,0.6294408440589905,0.5475864410400391,0.004696441756095737,0.9297686219215393,0.004696441639680415,0.9297686219215393
0.5,0,random_block,256.0,0.5,0.500739298760891,0.4999570846557617,0.00010639148240443319,0.924344502389431,0.00013325383224582765,0.9534315168857574
0.5,0,random_token,256.0,0.5,0.4995678849518299,0.4997978210449219,0.00013812308679916896,0.9538514837622643,0.00014074460159463342,0.9536864086985588
0.5,0,recent_block,256.0,0.5,0.1385799776762724,0.11998939514160156,0.0004944675893057138,0.4203997626900673,0.000600986197241582,0.7377898618578911
0.5,0,recent_token,256.0,0.5,0.1385799776762724,0.11998939514160156,0.0004944675893057138,0.4203997626900673,0.000600986197241582,0.7377898618578911
0.5,0,sender_attn_block,256.0,0.5,0.8583426773548126,0.8853740692138672,1.2952860288351076e-05,0.9902334809303284,1.2952860515724751e-05,0.9902334809303284
0.5,0,sender_k_norm,183.166748046875,0.35774755477905273,0.3078039288520813,0.35199737548828125,0.0006997259115451016,0.5326991677284241,0.0007070746505632997,0.6322069391608238
0.5,0,sender_k_norm_block,256.0,0.5,0.7411073744297028,0.7943477630615234,1.9382259097255883e-05,0.9804335087537766,2.26383951940079e-05,0.983415886759758
0.5,0,sender_kxreceived,189.0615234375,0.3692607879638672,0.5623775720596313,0.6600189208984375,0.00028232579279574566,0.8134826421737671,0.00028938154719071463,0.9127018228173256
0.5,0,sender_kxreceived_block,256.0,0.5,0.8614200204610825,0.8800106048583984,1.5620089016010752e-05,0.9878155738115311,1.5620089016010752e-05,0.9878155738115311
0.5,0,sender_received,191.205078125,0.3734474182128906,0.5754539966583252,0.678497314453125,0.00028204020054545254,0.8158137798309326,0.00028909596585435793,0.9150329902768135
0.5,0,sender_received_block,256.0,0.5,0.8614200204610825,0.8800106048583984,1.5620089016010752e-05,0.9878155738115311,1.5620089016010752e-05,0.9878155738115311
0.5,0,uniform_block,256.0,0.5,0.6184895038604736,0.6514101028442383,1.313372388267453e-05,0.9925472438335419,1.313372388267453e-05,0.9925472438335419
0.5,4,random_block,256.0,0.5,0.5000682882964611,0.5003900527954102,0.002422609366476536,0.897262379527092,0.0026513796183280647,0.9204282164573669
0.5,4,random_token,256.0,0.5,0.5000951401889324,0.4997367858886719,0.0026116306544281542,0.9269728660583496,0.0026438362256158143,0.9263307601213455
0.5,4,recent_block,256.0,0.5,0.13735242001712322,0.18931293487548828,0.00718414259608835,0.41836194321513176,0.006445279926992953,0.749586820602417
0.5,4,recent_token,256.0,0.5,0.13735242001712322,0.18931293487548828,0.00718414259608835,0.41836194321513176,0.006445279926992953,0.749586820602417
0.5,4,sender_attn_block,256.0,0.5,0.863354504108429,0.8524580001831055,0.00046000454312888905,0.9790863320231438,0.0004600045285769738,0.9790863320231438
0.5,4,sender_k_norm,203.101806640625,0.3966832160949707,0.3426859378814697,0.4199981689453125,0.008037734194658697,0.70176762342453,0.007345037302002311,0.8190856352448463
0.5,4,sender_k_norm_block,256.0,0.5,0.5807071253657341,0.588862419128418,0.0028613155882339925,0.901621975004673,0.00318804569542408,0.9251219257712364
0.5,4,sender_kxreceived,195.599365234375,0.38203001022338867,0.5264732837677002,0.633697509765625,0.005078751710243523,0.7801403999328613,0.00433912337757647,0.8981315866112709
0.5,4,sender_kxreceived_block,256.0,0.5,0.8626475855708122,0.8106870651245117,0.0005636503119603731,0.9676717296242714,0.0005636503119603731,0.9676717296242714
0.5,4,sender_received,193.77734375,0.37847137451171875,0.5242149829864502,0.6234893798828125,0.005107067874632776,0.7786074280738831,0.004367439833004028,0.8965985625982285
0.5,4,sender_received_block,256.0,0.5,0.8626475855708122,0.8106870651245117,0.0005636503119603731,0.9676717296242714,0.0005636503119603731,0.9676717296242714
0.5,4,uniform_block,256.0,0.5,0.676051139831543,0.6803722381591797,0.0004151924222242087,0.9748720526695251,0.00041519243313814513,0.9748720526695251
0.5,8,random_block,256.0,0.5,0.5003218501806259,0.5004444122314453,0.006260380090679973,0.8430669009685516,0.006665363616775721,0.859875276684761
0.5,8,random_token,256.0,0.5,0.5002747811377048,0.5005302429199219,0.005381892726290971,0.8967913463711739,0.0054152702214196324,0.8966642692685127
0.5,8,recent_block,256.0,0.5,0.19605835527181625,0.32578468322753906,0.014153105090372264,0.4064694419503212,0.014161814586259425,0.6547671407461166
0.5,8,recent_token,256.0,0.5,0.19605835527181625,0.32578468322753906,0.014153105090372264,0.4064694419503212,0.014161814586259425,0.6547671407461166
0.5,8,sender_attn_block,256.0,0.5,0.8534472435712814,0.8023052215576172,0.0014173066156217828,0.948344998061657,0.0014173066447256133,0.948344998061657
0.5,8,sender_k_norm,210.604248046875,0.41133642196655273,0.3805881142616272,0.5121078491210938,0.010749037377536297,0.7160719633102417,0.010064658708870411,0.8123817443847656
0.5,8,sender_k_norm_block,256.0,0.5,0.7914184629917145,0.7435283660888672,0.0017644226900301874,0.9427018910646439,0.0017644226900301874,0.9427018910646439
0.5,8,sender_kxreceived,200.958251953125,0.39249658584594727,0.48711147904396057,0.6008529663085938,0.009398652822710574,0.7392553091049194,0.008655407815240324,0.8355460688471794
0.5,8,sender_kxreceived_block,256.0,0.5,0.8384014815092087,0.7650508880615234,0.0017902171093737707,0.9389244690537453,0.0017902172257890925,0.9389244690537453
0.5,8,sender_received,199.779296875,0.3901939392089844,0.48611345887184143,0.6036605834960938,0.009416252723895013,0.7374863624572754,0.008673007832840085,0.8337771221995354
0.5,8,sender_received_block,256.0,0.5,0.8384014815092087,0.7650508880615234,0.0017902171093737707,0.9389244690537453,0.0017902172257890925,0.9389244690537453
0.5,8,uniform_block,256.0,0.5,0.672581136226654,0.6138734817504883,0.001559662021463737,0.9381654262542725,0.0015596620796713978,0.9381654262542725
0.5,12,random_block,256.0,0.5,0.5006362088024616,0.49978160858154297,0.006025670387316495,0.8393473699688911,0.006316042738035321,0.8559675365686417
0.5,12,random_token,256.0,0.5,0.5001426190137863,0.5002813339233398,0.0064375861547887325,0.870459258556366,0.006479257834143937,0.8696864768862724
0.5,12,recent_block,256.0,0.5,0.15325218439102173,0.27725696563720703,0.01314072823151946,0.41050655767321587,0.012547573307529092,0.6645869240164757
0.5,12,recent_token,256.0,0.5,0.15325218439102173,0.27725696563720703,0.01314072823151946,0.41050655767321587,0.012547573307529092,0.6645869240164757
0.5,12,sender_attn_block,256.0,0.5,0.8721434697508812,0.8289594650268555,0.001246956453542225,0.9598425328731537,0.001246956453542225,0.9598425030708313
0.5,12,sender_k_norm,206.960205078125,0.4042191505432129,0.30060911178588867,0.4244537353515625,0.013014303869567811,0.6767028570175171,0.012324811308644712,0.7703631147742271
0.5,12,sender_k_norm_block,256.0,0.5,0.6930612549185753,0.6571073532104492,0.0037242885446175933,0.8981275632977486,0.0037630486767739058,0.908096969127655
0.5,12,sender_kxreceived,211.783203125,0.4136390686035156,0.4536190330982208,0.6331253051757812,0.011016713222488761,0.7117173671722412,0.010255679138936102,0.8047227188944817
0.5,12,sender_kxreceived_block,256.0,0.5,0.871511310338974,0.8207883834838867,0.0012524447520263493,0.9598740190267563,0.0012524447520263493,0.9598740115761757
0.5,12,sender_received,208.353515625,0.4069404602050781,0.4522104859352112,0.6323318481445312,0.011045799823477864,0.7110474109649658,0.010284765856340528,0.8040527701377869
0.5,12,sender_received_block,256.0,0.5,0.8716500997543335,0.8155317306518555,0.0013162956020096317,0.9587965160608292,0.0013162956311134622,0.9587965160608292
0.5,12,uniform_block,256.0,0.5,0.713871955871582,0.6391668319702148,0.0012749313755193725,0.9437486007809639,0.0012749313609674573,0.9437485933303833
0.5,15,random_block,256.0,0.5,0.49987249448895454,0.49930763244628906,0.020041398471221328,0.8767188787460327,0.0204623204190284,0.9010089263319969
0.5,15,random_token,256.0,0.5,0.5013931170105934,0.5002365112304688,0.019524097675457597,0.9175112172961235,0.01962156593799591,0.9172763600945473
0.5,15,recent_block,256.0,0.5,0.15058652311563492,0.28101348876953125,0.041550868190824986,0.42822112143039703,0.03720248909667134,0.7243560552597046
0.5,15,recent_token,256.0,0.5,0.15058652311563492,0.28101348876953125,0.041550868190824986,0.42822112143039703,0.03720248909667134,0.7243560552597046
0.5,15,sender_attn_block,256.0,0.5,0.8549385592341423,0.8026504516601562,0.003670707781566307,0.9594978913664818,0.0036707078688777983,0.9594978913664818
0.5,15,sender_k_norm,203.101806640625,0.3966832160949707,0.31604301929473877,0.40396881103515625,0.0411627390421927,0.7470091581344604,0.037805762607604265,0.8491894006729126
0.5,15,sender_k_norm_block,256.0,0.5,0.5958103910088539,0.5655517578125,0.02070798142813146,0.8926076740026474,0.021543609676882625,0.9058843180537224
0.5,15,sender_kxreceived,222.072265625,0.4337348937988281,0.44345492124557495,0.5911178588867188,0.031636225525289774,0.8113037347793579,0.028117705835029483,0.9117380604147911
0.5,15,sender_kxreceived_block,256.0,0.5,0.8630196824669838,0.7831497192382812,0.002447424369165674,0.9618616104125977,0.0024474244564771652,0.9618616029620171
0.5,15,sender_received,221.21484375,0.43206024169921875,0.4422001242637634,0.5887527465820312,0.031693763099610806,0.8110644817352295,0.028175242012366652,0.9114988446235657
0.5,15,sender_received_block,256.0,0.5,0.8632897883653641,0.8155136108398438,0.001823100115871057,0.9699008613824844,0.001823100115871057,0.9699008986353874
0.5,15,uniform_block,256.0,0.5,0.6995168328285217,0.6127653121948242,0.0030013118230272084,0.9549276754260063,0.0030013118230272084,0.9549276754260063
0.6,0,random_block,320.0,0.625,0.6252643764019012,0.624542236328125,7.326130798901431e-05,0.9510194659233093,9.15541741051129e-05,0.9683404341340065
0.6,0,random_token,307.0,0.599609375,0.5990630090236664,0.599339485168457,0.00010436800130264601,0.9662028551101685,0.00010598905555525562,0.9660343676805496
0.6,0,recent_block,320.0,0.625,0.22987165488302708,0.13943958282470703,0.0003610892927099485,0.5962226018309593,0.0004650417140510399,0.828374870121479
0.6,0,recent_token,307.0,0.599609375,0.2084117829799652,0.13603782653808594,0.00037223716208245605,0.566683441400528,0.0004763496144732926,0.8164227530360222
0.6,0,sender_attn_block,320.0,0.625,0.9248331561684608,0.9536867141723633,3.7407724278182286e-06,0.9970376864075661,3.7407727404570323e-06,0.9970376864075661
0.6,0,sender_k_norm,214.677001953125,0.41929101943969727,0.37507686018943787,0.427581787109375,0.0005899228199268691,0.5575568675994873,0.0005971394712105393,0.656741127371788
0.6,0,sender_k_norm_block,320.0,0.625,0.8242506384849548,0.8583269119262695,2.249781891805469e-05,0.9779667481780052,2.5191593067575013e-05,0.979210652410984
0.6,0,sender_kxreceived,226.895263671875,0.44315481185913086,0.6104655265808105,0.7032318115234375,0.00027545418197405525,0.8176801204681396,0.0002825099254550878,0.9168993458151817
0.6,0,sender_kxreceived_block,320.0,0.625,0.9259575679898262,0.954869270324707,4.014629439552664e-06,0.9967813044786453,4.014629666926339e-06,0.9967813342809677
0.6,0,sender_received,230.646484375,0.4504814147949219,0.6199928522109985,0.7070770263671875,0.0002773277556116227,0.8181531429290771,0.00028438350273063406,0.9173723235726357
0.6,0,sender_received_block,320.0,0.625,0.9259575679898262,0.954869270324707,4.014629439552664e-06,0.9967813044786453,4.014629666926339e-06,0.9967813342809677
0.6,0,uniform_block,320.0,0.625,0.7062727957963943,0.7730226516723633,9.05109527593595e-06,0.9945907890796661,9.05109527593595e-06,0.9945907965302467
0.6,4,random_block,320.0,0.625,0.6247357875108719,0.6253538131713867,0.0017462794057792053,0.9313492029905319,0.0019222217670176178,0.9440866783261299
0.6,4,random_token,307.0,0.599609375,0.5994843170046806,0.5995759963989258,0.0019622049294412136,0.9460367411375046,0.0019826170027954504,0.9455980360507965
0.6,4,recent_block,320.0,0.625,0.20150261744856834,0.20935726165771484,0.005383338313549757,0.5714415162801743,0.005224068707320839,0.8059624210000038
0.6,4,recent_token,307.0,0.599609375,0.18528760224580765,0.2049541473388672,0.005708000040613115,0.5429467111825943,0.005438947235234082,0.796936146914959
0.6,4,sender_attn_block,320.0,0.625,0.9319337457418442,0.9291915893554688,0.00011524295678100316,0.9940697252750397,0.00011524296041898197,0.9940697252750397
0.6,4,sender_k_norm,238.14892578125,0.4651346206665039,0.39822107553482056,0.47597503662109375,0.007208734285086393,0.7236058712005615,0.006516036984976381,0.8409238457679749
0.6,4,sender_k_norm_block,320.0,0.625,0.7228743433952332,0.7090225219726562,0.0017221613670699298,0.9374839887022972,0.0018876643298426643,0.9558396264910698
0.6,4,sender_kxreceived,233.325927734375,0.45571470260620117,0.5665258169174194,0.6758880615234375,0.0048863813281059265,0.786901593208313,0.004146753286477178,0.9048927798867226
0.6,4,sender_kxreceived_block,320.0,0.625,0.9365333020687103,0.9315109252929688,0.00010037082392955199,0.9942159280180931,0.0001003708275675308,0.9942159280180931
0.6,4,sender_received,233.21875,0.45550537109375,0.5676941871643066,0.6800689697265625,0.0048858075751923025,0.7859811186790466,0.0041461793589405715,0.9039722755551338
0.6,4,sender_received_block,320.0,0.625,0.9365333020687103,0.9315109252929688,0.00010037082392955199,0.9942159280180931,0.0001003708275675308,0.9942159280180931
0.6,4,uniform_block,320.0,0.625,0.7559764236211777,0.7637252807617188,0.00021432813446153887,0.9871242716908455,0.00021432813628052827,0.9871242716908455
0.6,8,random_block,320.0,0.625,0.6251631006598473,0.6257543563842773,0.004438133735675365,0.8928879722952843,0.004724574333522469,0.9022786468267441
0.6,8,random_token,307.0,0.599609375,0.5994404926896095,0.5998878479003906,0.004112231486942619,0.9222456514835358,0.00413577287690714,0.9221421480178833
0.6,8,recent_block,320.0,0.625,0.2576522268354893,0.3760652542114258,0.01208419818431139,0.5361995324492455,0.012638600310310721,0.7109844759106636
0.6,8,recent_token,307.0,0.599609375,0.24060004949569702,0.35935020446777344,0.012626339099369943,0.509103573858738,0.013051155838184059,0.6990256831049919
0.6,8,sender_attn_block,320.0,0.625,0.9236462339758873,0.8962640762329102,0.0005877188596059568,0.981699638068676,0.0005877188668819144,0.9816996306180954
0.6,8,sender_k_norm,246.615966796875,0.4816718101501465,0.42928290367126465,0.56707763671875,0.010209183441475034,0.7302467823028564,0.0095185557147488,0.8264186084270477
0.6,8,sender_k_norm_block,320.0,0.625,0.8822598680853844,0.8502740859985352,0.0008014523555175401,0.9762275293469429,0.0008014523627934977,0.9762275293469429
0.6,8,sender_kxreceived,237.613037109375,0.46408796310424805,0.526301383972168,0.6475677490234375,0.009211327182129025,0.7443138360977173,0.008468081941828132,0.840604618191719
0.6,8,sender_kxreceived_block,320.0,0.625,0.9172178357839584,0.8723917007446289,0.0007264107916853391,0.9777501821517944,0.0007264107989612967,0.9777501821517944
0.6,8,sender_received,235.791015625,0.4605293273925781,0.525236189365387,0.6418533325195312,0.009233360411599278,0.7433644533157349,0.008490115404129028,0.8396552056074142
0.6,8,sender_received_block,320.0,0.625,0.9172178357839584,0.8723917007446289,0.0007264107916853391,0.9777501821517944,0.0007264107989612967,0.9777501821517944
0.6,8,uniform_block,320.0,0.625,0.7735633626580238,0.7484369277954102,0.0007614938585902564,0.9750705361366272,0.0007614938804181293,0.9750705361366272
0.6,12,random_block,320.0,0.625,0.6255214139819145,0.6249418258666992,0.004332822165451944,0.8879793360829353,0.004556664265692234,0.8969577327370644
0.6,12,random_token,307.0,0.599609375,0.5998774468898773,0.6000089645385742,0.0048600598238408566,0.9017125740647316,0.004888569703325629,0.9011623859405518
0.6,12,recent_block,320.0,0.625,0.21059569157660007,0.3171720504760742,0.011206950875930488,0.5300694927573204,0.011243507615290582,0.7061462476849556
0.6,12,recent_token,307.0,0.599609375,0.19622145779430866,0.30791568756103516,0.011606323649175465,0.506434366106987,0.011518680723384023,0.6985041126608849
0.6,12,sender_attn_block,320.0,0.625,0.9366954267024994,0.921351432800293,0.0004054298042319715,0.9884370490908623,0.000405429756938247,0.9884370416402817
0.6,12,sender_k_norm,242.86474609375,0.47434520721435547,0.3504686951637268,0.49005126953125,0.012200884404592216,0.6935880184173584,0.011505175614729524,0.7859569415450096
0.6,12,sender_k_norm_block,320.0,0.625,0.7533040940761566,0.760828971862793,0.002946578519186005,0.9285346940159798,0.002985338680446148,0.938504084944725
0.6,12,sender_kxreceived,247.15185546875,0.48271846771240234,0.48638954758644104,0.680419921875,0.010729308472946286,0.7175529599189758,0.009968273807317019,0.8105583563446999
0.6,12,sender_kxreceived_block,320.0,0.625,0.9361137226223946,0.9149885177612305,0.00048002137191360816,0.9870738461613655,0.00048002136463765055,0.9870738312602043
0.6,12,sender_received,246.9375,0.4822998046875,0.48661816120147705,0.6751785278320312,0.0107575966976583,0.7170947790145874,0.009996562381274998,0.810100145637989
0.6,12,sender_received_block,320.0,0.625,0.9361137226223946,0.9149885177612305,0.00048002137191360816,0.9870738461613655,0.00048002136463765055,0.9870738312602043
0.6,12,uniform_block,320.0,0.625,0.798746719956398,0.7900600433349609,0.0005409073564806022,0.9785571992397308,0.0005409073346527293,0.9785571992397308
0.6,15,random_block,320.0,0.625,0.6248702481389046,0.6248311996459961,0.01433698262553662,0.9176562055945396,0.014683410990983248,0.931771881878376
0.6,15,random_token,307.0,0.599609375,0.6005269810557365,0.5995903015136719,0.014424523804336786,0.940002977848053,0.014496217365376651,0.939793661236763
0.6,15,recent_block,320.0,0.625,0.21352672576904297,0.33653736114501953,0.03715865686535835,0.5630784630775452,0.03539529163390398,0.7762355282902718
0.6,15,recent_token,307.0,0.599609375,0.1979871690273285,0.3222770690917969,0.03775326022878289,0.5360398963093758,0.035505151841789484,0.7660231962800026
0.6,15,sender_attn_block,320.0,0.625,0.9283586293458939,0.9063272476196289,0.001091174068278633,0.9892720654606819,0.0010911740246228874,0.9892720654606819
0.6,15,sender_k_norm,239.327880859375,0.4674372673034668,0.36761903762817383,0.4750518798828125,0.0390857239253819,0.7732304334640503,0.03568074153736234,0.8746402114629745
0.6,15,sender_k_norm_block,320.0,0.625,0.7261006310582161,0.7234811782836914,0.017604983411729336,0.9353958889842033,0.018421723507344723,0.9459188133478165
0.6,15,sender_kxreceived,257.6552734375,0.5032329559326172,0.4838172197341919,0.6496353149414062,0.030927268788218498,0.8201168179512024,0.027408746536821127,0.9205512180924416
0.6,15,sender_kxreceived_block,320.0,0.625,0.9360561519861221,0.9050836563110352,0.0006126460575615056,0.9892071858048439,0.0006126460721134208,0.9892071858048439
0.6,15,sender_received,258.94140625,0.5057449340820312,0.4849127531051636,0.652801513671875,0.030874578282237053,0.8205617666244507,0.027356058824807405,0.9209961742162704
0.6,15,sender_received_block,320.0,0.625,0.9360561519861221,0.9050836563110352,0.0006126460575615056,0.9892071858048439,0.0006126460721134208,0.9892071858048439
0.6,15,uniform_block,320.0,0.625,0.7884659171104431,0.7726631164550781,0.0012575763539643958,0.9791210070252419,0.0012575763394124806,0.9791210442781448
